video_topic,scenario,size,response
Ancient History,"Accidental off-air moments: Recording continuing after class ends, capturing packing up, casual talk, or leaving the room.",mid-length,"[
  {
    ""video_topic"": ""Rome's Infrastructure: Aqueduct Engineering"",
    ""description"": ""The segment captures the instructor methodically gathering teaching materials following the conclusion of the Roman aqueduct engineering session. Audio transcription indicates a casual discussion about constructing a miniature aqueduct model for a local school science fair, with the instructor expressing frustration over the unavailability of suitable clay materials. This off-topic conversation about hands-on modeling projects does not align with the educational goal of analyzing historical water management systems."",
    ""type"": ""Irrelevant"",
    ""reasoning"": ""First, I need to compare the segment's content against the video topic 'Rome's Infrastructure: Aqueduct Engineering'. \n\nLooking at the description, the audio/transcript is described as the instructor discussing a miniature aqueduct model for a school science fair and frustrations with clay materials. This does not appear to be teaching content about historical engineering systems. \n\nVisually, the screen shows the instructor placing textbooks and notebooks into a bag, with a brief shot of a small clay model on a desk. While this might seem related to engineering, the 'Audio-First' rule states that visual content cannot save a segment if the audio is off-topic. \n\nThe activity described matches the known irrelevant scenario of 'Post-lecture packing and casual hands-on project discussions'. \n\nSince the primary signal (speech) is not pedagogical and focuses on non-academic model building, I determine this segment is Irrelevant.""
  },
  {
    ""video_topic"": ""Byzantine Empire: The Role of the Church in Governance"",
    ""description"": ""The segment records the instructor systematically placing away their notes after the Byzantine church governance lecture. Audio analysis reveals an informal conversation with a student regarding their family's ancestral ties to the region, focusing on local folklore rather than historical ecclesiastical structures. This personal anecdote about regional heritage does not contribute to the video's objective of examining the intersection of religious authority and state administration in the Byzantine era."",
    ""type"": ""Irrelevant"",
    ""reasoning"": ""First, I need to compare the segment's content against the video topic 'Byzantine Empire: The Role of the Church in Governance'. \n\nLooking at the description, the audio/transcript is described as an informal conversation about family ancestral ties and local folklore. This does not appear to be teaching content related to ecclesiastical governance structures. \n\nVisually, the screen shows the instructor carefully placing notes into a folder, with a brief glimpse of a student's handwritten family map. While this might seem relevant to regional history, the 'Audio-First' rule states that visual content cannot save a segment if the audio is off-topic. \n\nThe activity described matches the known irrelevant scenario of 'Post-lecture casual conversations about personal regional heritage'. \n\nSince the primary signal (speech) is not pedagogical and focuses on non-academic family history, I determine this segment is Irrelevant.""
  },
  {
    ""video_topic"": ""Medieval European Feudalism: Land Tenure Systems"",
    ""description"": ""Following the lesson on medieval feudal land tenure, the segment shows the instructor carefully folding their lecture notes and placing them in a folder. The audio transcript captures a light-hearted exchange about the instructor's personal experience managing a small family farm in rural America, contrasting it with the complex feudal hierarchies discussed. This personal narrative about modern agricultural practices is irrelevant to the historical context of medieval land ownership systems."",
    ""type"": ""Irrelevant"",
    ""reasoning"": ""First, I need to compare the segment's content against the video topic 'Medieval European Feudalism: Land Tenure Systems'. \n\nLooking at the description, the audio/transcript is described as the instructor sharing experiences managing a small family farm in rural America. This does not appear to be teaching content about medieval land tenure systems. \n\nVisually, the screen shows the instructor folding notes and placing them in a folder, with a brief shot of a notebook with handwritten farm records. While this might seem related to land management, the 'Audio-First' rule states that visual content cannot save a segment if the audio is off-topic. \n\nThe activity described matches the known irrelevant scenario of 'Post-lecture casual conversations about personal agricultural experiences'. \n\nSince the primary signal (speech) is not pedagogical and focuses on modern farming practices, I determine this segment is Irrelevant.""
  },
  {
    ""video_topic"": ""Ancient Egypt: The Construction of the Pyramids"",
    ""description"": ""The segment begins with the instructor methodically putting away their equipment after the ancient Egyptian pyramid construction lesson. Audio evidence shows a brief, informal discussion where the instructor shares their attempts to build a small-scale pyramid model using household materials, expressing challenges with structural stability. This personal project focus does not advance the educational objective of understanding the engineering and logistical challenges of monumental pyramidal construction in ancient Egypt."",
    ""type"": ""Irrelevant"",
    ""reasoning"": ""First, I need to compare the segment's content against the video topic 'Ancient Egypt: The Construction of the Pyramids'. \n\nLooking at the description, the audio/transcript is described as the instructor discussing attempts to build a small pyramid model with household materials and structural challenges. This does not appear to be teaching content about ancient Egyptian engineering. \n\nVisually, the screen shows the instructor placing equipment into a storage bin, with a close-up of a small pyramid-shaped structure made of paper and cardboard. While this might seem like a practical application, the 'Audio-First' rule states that visual content cannot save a segment if the audio is off-topic. \n\nThe activity described matches the known irrelevant scenario of 'Post-lecture casual discussions about personal model-building projects'. \n\nSince the primary signal (speech) is not pedagogical and focuses on non-historical model construction, I determine this segment is Irrelevant.""
  },
  {
    ""video_topic"": ""Classical Greece: Athenian Democracy and its Evolution"",
    ""description"": ""The segment captures the instructor gathering their materials after the lecture on Athenian democracy. Audio transcription indicates a spontaneous conversation about recent political developments in the student's country, with the instructor drawing parallels to ancient Greek civic engagement. While the topic touches on governance, this contemporary political discussion is entirely outside the scope of the video's historical focus on the development of democratic institutions in ancient Athens."",
    ""type"": ""Irrelevant"",
    ""reasoning"": ""First, I need to compare the segment's content against the video topic 'Classical Greece: Athenian Democracy and its Evolution'. \n\nLooking at the description, the audio/transcript is described as a spontaneous conversation about recent political developments in the student's country. This does not appear to be teaching content about the historical evolution of Athenian democracy. \n\nVisually, the screen shows the instructor placing notes into a bag, with a brief shot of the instructor writing on a notepad. While this might seem related to civic engagement, the 'Audio-First' rule states that visual content cannot save a segment if the audio is off-topic. \n\nThe activity described matches the known irrelevant scenario of 'Post-lecture casual discussions about contemporary political events'. \n\nSince the primary signal (speech) is not pedagogical and focuses on modern politics, I determine this segment is Irrelevant.""
  }
]"
